Sr. No.,Tool Name,Category,URL,What it does,Free/Paid
1,ChatGPT,Text / Chat Assistants,https://chat.openai.com,AI chatbot for writing and Q&A,Freemium
2,Perplexity,Search / Research,https://www.perplexity.ai,AI search engine with citations,Freemium
3,Claude,Text / Chat Assistants,https://claude.ai,AI assistant by Anthropic,Freemium
4,Cursor,Code / Developer Tools,https://www.cursor.so,AI-first code editor,Freemium
5,GitHub Copilot,Code / Developer Tools,https://github.com/features/copilot,AI pair programmer in IDE,Paid
6,Loveable,Code / Developer Tools,https://lovable.dev,AI that explains and debugs code,Freemium
7,Notion AI,Productivity / Writing,https://www.notion.so/product/ai,AI writing assistant built into Notion,Freemium
8,Krea AI,Design / Image Generation,https://www.krea.ai,AI for image generation and editing,Freemium
9,Runway ML,Video / Creative Tools,https://runwayml.com,AI video editing and creative tools,Paid
10,ElevenLabs,Voice / Audio Tools,https://www.elevenlabs.io,AI voice cloning and text-to-speech,Freemium
11,Gamma,Presentations,https://gamma.app,AI-generated presentation builder,Freemium
12,Poe,Text / Chat Assistants,https://poe.com,Hub for chatting with multiple AI models,Freemium
13,HeyGen,Video / Creative Tools,https://www.heygen.com,AI avatar-based video creation,Paid
14,Tome,Presentations,https://tome.app,AI tool for storytelling and slides,Freemium
15,Leonardo AI,Design / Image Generation,https://www.leonardo.ai,AI for game art and image creation,Freemium
16,Veo 3,Video / Creative Tools,https://veo.google,Google's experimental video generation model,N/A 17,dail8859 /NotepadNext,Other,https://github.com/dail8859/NotepadNext,"A cross-platform, reimplementation of Notepad++. Contribute to dail8859/NotepadNext development by creating an account on GitHub.",Freemium
17,automatisch /automatisch,Other,https://github.com/automatisch/automatisch,The open source Zapier alternative. Build workflow automation without spending time and money. - automatisch/automatisch,Freemium
18,mindsdb /mindsdb,Search / Research,https://github.com/mindsdb/mindsdb,AI's query engine - Platform for building AI that can answer questions over large scale federated data. - The only MCP Server you'll ever need - mindsdb/mindsdb,Freemium
19,PaperMC /Paper,Other,https://github.com/PaperMC/Paper,"The most widely used, high performance Minecraft server that aims to fix gameplay and mechanics inconsistencies - PaperMC/Paper",Freemium
20,cocos /cocos-engine,Code / Developer Tools,https://github.com/cocos/cocos-engine,"Cocos simplifies game creation and distribution with Cocos Creator, a free, open-source, cross-platform game engine. Empowering millions of developers to create high-performance, engaging 2D/3D games ...",Freemium
21,microsoft /onnxruntime,Other,https://github.com/microsoft/onnxruntime,"ONNX Runtime: cross-platform, high performance ML inferencing and training accelerator - microsoft/onnxruntime",Freemium
22,huggingface /transformers,Text / Chat Assistants,https://github.com/huggingface/transformers,"ü§ó Transformers: the model-definition framework for state-of-the-art machine learning models in text, vision, audio, and multimodal models, for both inference and training.  - GitHub - huggingface/tran...",Freemium
23,windmill-labs /windmill,Code / Developer Tools,https://github.com/windmill-labs/windmill,"Open-source developer platform to power your entire infra and turn scripts into webhooks, workflows and UIs. Fastest workflow engine (13x vs Airflow). Open-source alternative to Retool and Temporal. -...",Freemium
24,n8n-io /n8n,Code / Developer Tools,https://github.com/n8n-io/n8n,"Fair-code workflow automation platform with native AI capabilities. Combine visual building with custom code, self-host or cloud, 400+ integrations. - n8n-io/n8n",Freemium
25,[R] Reasoning by Superposition: A Theoretical Perspective on Chain of Continuous Thought,Other,https://arxiv.org/pdf/2505.12514,,N/A
26,The Pig in Yellow: Part 2,Design / Image Generation,https://i.redd.it/e4m0oz92808f1.png,"**II.**
&gt; *‚ÄúHis mind is a wonder chamber, from which he can extract treasures that you and I would give years of our life to acquire.‚Äù*

**II.i**

A user inputs an idea, a question, a belief.

A sy...",Freemium
27,Is artificial intelligence (AI) smart or just efficient?,Design / Image Generation,https://alpha.leofinance.io/@badbitch/is-artificial-intelligence-ai-smart-or-just-efficient-9wp,I came across a tweet today where an individual talks about how he believes chatGPT is much smarter...,N/A
28,"OpenAI's Greg Brockman expects AIs to go from AI coworkers to AI managers: ""the AI gives you ideas and gives you tasks to do""",Other,https://v.redd.it/ssf04g7dnw7f1,,N/A
29,Meta in talks to hire former GitHub CEO Nat Friedman as part of AI push ‚Äì report,Code / Developer Tools,https://www.proactiveinvestors.co.uk/companies/news/1073286/meta-in-talks-to-hire-former-github-ceo-nat-friedman-as-part-of-ai-push-report-1073286.html,,Paid
30,Quick Daily AI,Other,N/A,"## Quick Daily AI News June 20, 2025",N/A
31,OpenAI,Design / Image Generation,N/A,2. AI Startups Continue to Masquerade as SaaS Businesses; OpenAI Lays Off Some ‚ÄòInsider Risk‚Äô Employees - The Information [2],N/A
32,Bank of America shrinks workforce by leveraging AI,Other,N/A,"3. Bank of America shrinks workforce by leveraging AI, tech investments to boost efficiency - The Business Journals [3]",N/A
33,Starlink and Bans State AI,Other,N/A,6. The Senate Republican Budget Bill Adds Broadband Funding That Favors Musk‚Äôs Starlink and Bans State AI Laws - Center for American Progress [6],Paid
34,Following months of record high AI,Other,N/A,"7. Following months of record high AI funding, new Prosus report says applications will drive the next wave of AI investment - Prosus [7]",Paid
35,Prosus report says applications will drive the next wave of AI,Other,N/A,"7. Following months of record high AI funding, new Prosus report says applications will drive the next wave of AI investment - Prosus [7]",Paid
36,OpenAI urges US to prioritize AI,Other,N/A,"8. OpenAI urges US to prioritize AI funding, regulation to stay ahead of China - Reuters [8]",N/A
37,Tesla CEO Elon Musk calls OpenAI,Other,N/A,10. Here's what made Tesla CEO Elon Musk calls OpenAI CEO as SCAM Altman - Times of India [10],N/A
38,dail8859 /NotepadNext,Other,https://github.com/dail8859/NotepadNext,"A cross-platform, reimplementation of Notepad++. Contribute to dail8859/NotepadNext development by creating an account on GitHub.",Freemium
39,Elon Musk calls Grok answer a ‚Äòmajor fail‚Äô after it highlights political violence caused by MAGA supporters,Other,https://ecency.com/hive-109255/@kur8/elon-musk-calls-grok-answer,"Source: Independent Elon Musk criticised his AI chatbot, Grok, after it stated that right-wing political violence in the U.S. has been more ... by @kur8",N/A
40,üß† How to Visualize a Neural Network (Hint: It‚Äôs Not a Straight Line),Text / Chat Assistants,https://i.redd.it/wvoahuqcb08f1.jpeg,"Most people picture a neural network like this:

Input ‚Üí Hidden ‚Üí Output  
   ‚óè ‚Üí ‚óè ‚Üí ‚óè

Clean. Linear. Predictable.

But real neural networks‚Äîespecially massive transformer models like GPT‚Äîdon‚Äôt thin...",N/A
41,Does anyone know anything about context windows on longer (20-30 second) Wan videos?,Text / Chat Assistants,https://i.redd.it/keexq04rms7f1.gif,"**TLDR:**

**1. From 481 frames with 160 context windows and 4 stride and overlap what would make a video with less visual anomalies (white smudgey halo around character) than we see at 10, 15 and 20 ...",Paid
42,lancedb /lance,Code / Developer Tools,https://github.com/lancedb/lance,"Modern columnar data format for ML and LLMs implemented in Rust. Convert from parquet in 2 lines of code for 100x faster random access, vector index, and data versioning. Compatible with Pandas, DuckD...",Freemium
43,microsoft /playwright,Other,https://github.com/microsoft/playwright,"Playwright is a framework for Web Testing and Automation. It allows testing Chromium, Firefox and WebKit with a single API.  - GitHub - microsoft/playwright: Playwright is a framework for Web Testing ...",Freemium
44,modelscope /FunASR,Text / Chat Assistants,https://github.com/modelscope/FunASR,"A Fundamental End-to-End Speech Recognition Toolkit and Open Source SOTA Pretrained Models, Supporting Speech Recognition, Voice Activity Detection, Text Post-processing etc. - modelscope/FunASR",Freemium
45,YouTube CEO announces Google's Veo 3 AI video tech is coming to Shorts,Video / Creative Tools,https://www.pcguide.com/news/youtube-ceo-announces-googles-veo-3-ai-video-tech-is-coming-to-shorts/,"At the Cannes Lions 2025 International Festival of Creativity, Neal Mohan discusses 20 years of YouTube and what's next for the platform.",N/A
46,8 Depth Estimation Models Tested with the Highest Settings on ComfyUI,Design / Image Generation,https://i.redd.it/noifyjoitw7f1.jpeg,"I tested all 8 available depth estimation models on ComfyUI on different types of images. I used the largest versions, highest precision and settings available that would fit on 24GB VRAM. 

The model...",Paid
47,Wan 2.1 I2V 14B 480p - my first video stitching test,Design / Image Generation,https://v.redd.it/xz4nn241uu7f1,"Simple movements, I know, but I was pleasantly surprised by how well it fits together for my first try. I'm sure my workflows have lots of room for optimization - altogether this took nearly 20 minute...",Paid
48,Enter the Swamp,Design / Image Generation,https://i.redd.it/6z4otjjnlx7f1.png,"Prompt:
```
A haunted, mist-shrouded swamp at twilight, with twisted, moss-covered trees, eerie will-o'-the-wisps hovering over stagnant water, and the ruins of a sunken chapel half-submerged in mud, ...",Paid
49,Quick tip for anyone generating videos with Hailuo 2 or Midjourney Video since they don't generate with any sound. You can generate sound effects for free using MMAUDIO via huggingface.,Design / Image Generation,https://v.redd.it/v4k33g4u908f1,,Freemium
50,WAN2.1 Why all my clowns look so scary? Any tips to make him look more friendly?,Video / Creative Tools,https://v.redd.it/86v1ceynsy7f1,"The prompt is always ""a man wearing a yellow and red clown costume."" but he looks straight out of a horror movie",Paid
51,Replacing Everyone with AI,Other,https://youtu.be/THfBccihkVQ,"*Our first longform animation is finally here!*Toxic CEO is back! This time, he's got a genius plan to boost productivity: fire everyone and replace the offi...",N/A
52,"""We find that AI models can accurately guide users through the recovery of live poliovirus.""",Other,https://i.redd.it/8fn2mhf4qp7f1.png,[https://arxiv.org/abs/2506.13798](https://arxiv.org/abs/2506.13798),N/A
53,Hips don't lie,Design / Image Generation,https://v.redd.it/k7a2s06wwy7f1,"I made this video by stitching together two 7-second clips made with FusionX (Q8 GGUF model). Each little 7-second clip took about 10 minutes to render on RTX 3090. Base image made with FLUX Dev

It w...",N/A
54,The OpenAI Files: a comprehensive and concerning look at the inner workings of the leading AI lab,Other,https://www.openaifiles.org,"The OpenAI Files is the most comprehensive collection to date of documented concerns with governance practices, leadership integrity, and organizational culture at OpenAI.


",N/A
55,Elon Musk calls Grok answer a ‚Äòmajor fail‚Äô after it highlights political violence caused by MAGA supporters,Other,https://ecency.com/hive-109255/@kur8/elon-musk-calls-grok-answer,"Source: Independent Elon Musk criticised his AI chatbot, Grok, after it stated that right-wing political violence in the U.S. has been more ... by @kur8",N/A
56,üß† How to Visualize a Neural Network (Hint: It‚Äôs Not a Straight Line),Text / Chat Assistants,https://i.redd.it/wvoahuqcb08f1.jpeg,"Most people picture a neural network like this:

Input ‚Üí Hidden ‚Üí Output  
   ‚óè ‚Üí ‚óè ‚Üí ‚óè

Clean. Linear. Predictable.

But real neural networks‚Äîespecially massive transformer models like GPT‚Äîdon‚Äôt thin...",N/A
57,Does anyone know anything about context windows on longer (20-30 second) Wan videos?,Text / Chat Assistants,https://i.redd.it/keexq04rms7f1.gif,"**TLDR:**

**1. From 481 frames with 160 context windows and 4 stride and overlap what would make a video with less visual anomalies (white smudgey halo around character) than we see at 10, 15 and 20 ...",Paid
58,lancedb /lance,Code / Developer Tools,https://github.com/lancedb/lance,"Modern columnar data format for ML and LLMs implemented in Rust. Convert from parquet in 2 lines of code for 100x faster random access, vector index, and data versioning. Compatible with Pandas, DuckD...",Freemium
59,microsoft /playwright,Other,https://github.com/microsoft/playwright,"Playwright is a framework for Web Testing and Automation. It allows testing Chromium, Firefox and WebKit with a single API.  - GitHub - microsoft/playwright: Playwright is a framework for Web Testing ...",Freemium
"""Open AI wins $200M defence contract."" ""Open AI entering strategic partnership with Palantir"" *This is fine*",Code / Developer Tools,https://www.reuters.com/world/us/openai-wins-200-million-us-defense-contract-2025-06-16/?utm_source=chatgpt.com,"OpenAI and Palantir have both been involved in U.S. Department of Defense initiatives. In June 2025, senior executives from both firms (OpenAI‚Äôs Chief Product Officer Kevin Weil and Palantir CTO Shyam...",Paid,182.7,reddit,2025-06-21
"""Open AI wins $200M defence contract."" ""Open AI entering strategic partnership with Palantir"" *This is fine*",Code / Developer Tools,https://www.reuters.com/world/us/openai-wins-200-million-us-defense-contract-2025-06-16/?utm_source=chatgpt.com,"OpenAI and Palantir have both been involved in U.S. Department of Defense initiatives. In June 2025, senior executives from both firms (OpenAI‚Äôs Chief Product Officer Kevin Weil and Palantir CTO Shyam...",Paid,182.6,reddit,2025-06-21
OpenAI open sourced a new Customer Service Agent framework ‚Äî learn more about its growing enterprise strategy,Code / Developer Tools,https://venturebeat.com/programming-development/openai-open-sourced-a-new-customer-service-agent-framework-learn-more-about-its-growing-enterprise-strategy/,"By offering transparent tooling and clear implementation examples, OpenAI is pushing agentic systems out of the lab and into everyday use.",Freemium,120,news,2025-06-21
mistralai/Mistral-Small-3.2-24B-Instruct-2506 ¬∑ Hugging Face,Other,https://huggingface.co/mistralai/Mistral-Small-3.2-24B-Instruct-2506,We‚Äôre on a journey to advance and democratize artificial intelligence through open source and open science.,Paid,106.4,reddit,2025-06-21
mistralai/Mistral-Small-3.2-24B-Instruct-2506 ¬∑ Hugging Face,Other,https://huggingface.co/mistralai/Mistral-Small-3.2-24B-Instruct-2506,We‚Äôre on a journey to advance and democratize artificial intelligence through open source and open science.,Paid,106.2,reddit,2025-06-21
OpenAI open sourced a new Customer Service Agent framework ‚Äî learn more about its growing enterprise strategy,Code / Developer Tools,https://venturebeat.com/programming-development/openai-open-sourced-a-new-customer-service-agent-framework-learn-more-about-its-growing-enterprise-strategy/,"By offering transparent tooling and clear implementation examples, OpenAI is pushing agentic systems out of the lab and into everyday use.",Freemium,120,news,2025-06-21
ElevenLabs now lets authors create and publish audiobooks on its own platform,Voice / Audio Tools,https://techcrunch.com/2025/02/25/elevenlabs-is-now-letting-authors-create-and-publish-audiobooks-on-its-own-platform/,"Voice AI company ElevenLabs is now letting authors publish AI-generated audiobooks on its own Reader app, TechCrunch has learned and the company",Paid,100,news,2025-06-21
Obvio‚Äôs stop sign cameras use AI to root out unsafe drivers,Design / Image Generation,https://techcrunch.com/2025/06/04/obvios-stop-sign-cameras-use-ai-to-root-out-unsafe-drivers/,"American streets are incredibly dangerous for pedestrians. A San Carlos, California-based startup called Obvio thinks it can change that by installing cameras at stop signs -- a solution the founders ...",Freemium,40,news,2025-06-21
Meta adds another 650 MW of solar power to its AI push,Other,https://techcrunch.com/2025/05/22/meta-adds-another-650-mw-of-solar-power-to-its-ai-push/,The company already has more than 12 gigawatts of capacity in its renewable power portfolio.,Paid,40,news,2025-06-21
Announcing our 2025 VB Transform Innovation Showcase finalists,Presentations,https://venturebeat.com/ai/announcing-our-2025-vb-transform-innovation-showcase-finalists/,Seven companies will be sharing their latest AI innovations from the main stage at VB Transform in SF on June 25.,Paid,40,news,2025-06-21
"""Open AI wins $200M defence contract."" ""Open AI entering strategic partnership with Palantir"" *This is fine*",Code / Developer Tools,https://www.reuters.com/world/us/openai-wins-200-million-us-defense-contract-2025-06-16/?utm_source=chatgpt.com,"OpenAI and Palantir have both been involved in U.S. Department of Defense initiatives. In June 2025, senior executives from both firms (OpenAI‚Äôs Chief Product Officer Kevin Weil and Palantir CTO Shyam...",Paid,183.2,reddit,2025-06-21
"""Open AI wins $200M defence contract."" ""Open AI entering strategic partnership with Palantir"" *This is fine*",Code / Developer Tools,https://www.reuters.com/world/us/openai-wins-200-million-us-defense-contract-2025-06-16/?utm_source=chatgpt.com,"OpenAI and Palantir have both been involved in U.S. Department of Defense initiatives. In June 2025, senior executives from both firms (OpenAI‚Äôs Chief Product Officer Kevin Weil and Palantir CTO Shyam...",Paid,183.1,reddit,2025-06-21
OpenAI open sourced a new Customer Service Agent framework ‚Äî learn more about its growing enterprise strategy,Code / Developer Tools,https://venturebeat.com/programming-development/openai-open-sourced-a-new-customer-service-agent-framework-learn-more-about-its-growing-enterprise-strategy/,"By offering transparent tooling and clear implementation examples, OpenAI is pushing agentic systems out of the lab and into everyday use.",Freemium,120,news,2025-06-21
mistralai/Mistral-Small-3.2-24B-Instruct-2506 ¬∑ Hugging Face,Other,https://huggingface.co/mistralai/Mistral-Small-3.2-24B-Instruct-2506,We‚Äôre on a journey to advance and democratize artificial intelligence through open source and open science.,Paid,107.7,reddit,2025-06-21
mistralai/Mistral-Small-3.2-24B-Instruct-2506 ¬∑ Hugging Face,Other,https://huggingface.co/mistralai/Mistral-Small-3.2-24B-Instruct-2506,We‚Äôre on a journey to advance and democratize artificial intelligence through open source and open science.,Paid,107.30000000000001,reddit,2025-06-21
OpenAI open sourced a new Customer Service Agent framework ‚Äî learn more about its growing enterprise strategy,Code / Developer Tools,https://venturebeat.com/programming-development/openai-open-sourced-a-new-customer-service-agent-framework-learn-more-about-its-growing-enterprise-strategy/,"By offering transparent tooling and clear implementation examples, OpenAI is pushing agentic systems out of the lab and into everyday use.",Freemium,120,news,2025-06-22
ElevenLabs now lets authors create and publish audiobooks on its own platform,Voice / Audio Tools,https://techcrunch.com/2025/02/25/elevenlabs-is-now-letting-authors-create-and-publish-audiobooks-on-its-own-platform/,"Voice AI company ElevenLabs is now letting authors publish AI-generated audiobooks on its own Reader app, TechCrunch has learned and the company",Paid,100,news,2025-06-22
Obvio‚Äôs stop sign cameras use AI to root out unsafe drivers,Design / Image Generation,https://techcrunch.com/2025/06/04/obvios-stop-sign-cameras-use-ai-to-root-out-unsafe-drivers/,"American streets are incredibly dangerous for pedestrians. A San Carlos, California-based startup called Obvio thinks it can change that by installing cameras at stop signs -- a solution the founders ...",Freemium,40,news,2025-06-22
Meta adds another 650 MW of solar power to its AI push,Other,https://techcrunch.com/2025/05/22/meta-adds-another-650-mw-of-solar-power-to-its-ai-push/,The company already has more than 12 gigawatts of capacity in its renewable power portfolio.,Paid,40,news,2025-06-22
Announcing our 2025 VB Transform Innovation Showcase finalists,Presentations,https://venturebeat.com/ai/announcing-our-2025-vb-transform-innovation-showcase-finalists/,Seven companies will be sharing their latest AI innovations from the main stage at VB Transform in SF on June 25.,Paid,40,news,2025-06-22
OpenAI open sourced a new Customer Service Agent framework ‚Äî learn more about its growing enterprise strategy,Code / Developer Tools,https://venturebeat.com/programming-development/openai-open-sourced-a-new-customer-service-agent-framework-learn-more-about-its-growing-enterprise-strategy/,"By offering transparent tooling and clear implementation examples, OpenAI is pushing agentic systems out of the lab and into everyday use.",Freemium,120,news,2025-06-23
ElevenLabs now lets authors create and publish audiobooks on its own platform,Voice / Audio Tools,https://techcrunch.com/2025/02/25/elevenlabs-is-now-letting-authors-create-and-publish-audiobooks-on-its-own-platform/,"Voice AI company ElevenLabs is now letting authors publish AI-generated audiobooks on its own Reader app, TechCrunch has learned and the company",Paid,100,news,2025-06-23
Obvio‚Äôs stop sign cameras use AI to root out unsafe drivers,Design / Image Generation,https://techcrunch.com/2025/06/04/obvios-stop-sign-cameras-use-ai-to-root-out-unsafe-drivers/,"American streets are incredibly dangerous for pedestrians. A San Carlos, California-based startup called Obvio thinks it can change that by installing cameras at stop signs -- a solution the founders ...",Freemium,40,news,2025-06-23
Meta adds another 650 MW of solar power to its AI push,Other,https://techcrunch.com/2025/05/22/meta-adds-another-650-mw-of-solar-power-to-its-ai-push/,The company already has more than 12 gigawatts of capacity in its renewable power portfolio.,Paid,40,news,2025-06-23
From fear to fluency: Why empathy is the missing ingredient in AI rollouts,Design / Image Generation,https://venturebeat.com/ai/from-fear-to-fluency-why-empathy-is-the-missing-ingredient-in-ai-rollouts/,"Empathy and trust are not optional. They are essential for scaling change and encouraging innovation, particularly in this age of AI.",Paid,40,news,2025-06-23
ElevenLabs now lets authors create and publish audiobooks on its own platform,Voice / Audio Tools,https://techcrunch.com/2025/02/25/elevenlabs-is-now-letting-authors-create-and-publish-audiobooks-on-its-own-platform/,"Voice AI company ElevenLabs is now letting authors publish AI-generated audiobooks on its own Reader app, TechCrunch has learned and the company",Paid,100,news,2025-06-24
Beyond static AI: MIT‚Äôs new framework lets models teach themselves,Search / Research,https://venturebeat.com/ai/beyond-static-ai-mits-new-framework-lets-models-teach-themselves/,"MIT researchers developed SEAL, a framework that lets language models continuously learn new knowledge and tasks.",Paid,60,news,2025-06-24
Why we‚Äôre focusing VB Transform on the agentic revolution ‚Äì and what‚Äôs at stake for enterprise AI leaders,Presentations,https://venturebeat.com/ai/why-were-focusing-vb-transform-on-the-agentic-revolution-and-whats-at-stake-for-enterprise-ai-leaders/,"VB Transform 2025 tackles the agentic AI revolution‚Äîhow enterprises can close the infrastructure gap and turn dazzling demos into deployed, trusted agents.",Paid,60,news,2025-06-24
Obvio‚Äôs stop sign cameras use AI to root out unsafe drivers,Design / Image Generation,https://techcrunch.com/2025/06/04/obvios-stop-sign-cameras-use-ai-to-root-out-unsafe-drivers/,"American streets are incredibly dangerous for pedestrians. A San Carlos, California-based startup called Obvio thinks it can change that by installing cameras at stop signs -- a solution the founders ...",Freemium,40,news,2025-06-24
Meta adds another 650 MW of solar power to its AI push,Other,https://techcrunch.com/2025/05/22/meta-adds-another-650-mw-of-solar-power-to-its-ai-push/,The company already has more than 12 gigawatts of capacity in its renewable power portfolio.,Paid,40,news,2025-06-24
ElevenLabs now lets authors create and publish audiobooks on its own platform,Voice / Audio Tools,https://techcrunch.com/2025/02/25/elevenlabs-is-now-letting-authors-create-and-publish-audiobooks-on-its-own-platform/,"Voice AI company ElevenLabs is now letting authors publish AI-generated audiobooks on its own Reader app, TechCrunch has learned and the company",Paid,100,news,2025-06-25
What‚Äôs inside Genspark? A new vibe working approach that ditches rigid workflows for autonomous agents,Code / Developer Tools,https://venturebeat.com/ai/whats-inside-genspark-a-new-vibe-working-approach-that-ditches-rigid-workflows-for-autonomous-agents/,"Genspark's autonomous AI agents prove that less control beats rigid workflows, forcing enterprise AI leaders to rethink how they architect intelligent systems.",Paid,100,news,2025-06-25
Emergence AI‚Äôs CRAFT arrives to make it easy for enterprises to automate their entire data pipeline,Search / Research,https://venturebeat.com/data-infrastructure/emergence-ais-craft-arrives-to-make-it-easy-for-enterprises-to-automate-their-entire-data-pipeline/,"<p><SPAN CLASS=""ARTICLELISTING__LABEL""><SPAN CLASS=""ARTICLE-TYPE"">EXCLUSIVE:</SPAN></SPAN> New York City based startup Emergence AI, founded by former IBM researchers, previously made headlines for it...",Freemium,90,news,2025-06-25
How Walmart built an AI platform that makes it beholden to no one (and that 1.5M associates actually want to use),Code / Developer Tools,https://venturebeat.com/ai/walmart-ai-foundry-ships-first-apps-3m-daily-queries-67-faster-planning/,"Inside Walmart's AI foundry: Element platform builds and deploys apps cutting task time 67%, handling 3M daily queries.",Freemium,60,news,2025-06-25
Beyond static AI: MIT‚Äôs new framework lets models teach themselves,Search / Research,https://venturebeat.com/ai/beyond-static-ai-mits-new-framework-lets-models-teach-themselves/,"MIT researchers developed SEAL, a framework that lets language models continuously learn new knowledge and tasks.",Paid,60,news,2025-06-25
ElevenLabs now lets authors create and publish audiobooks on its own platform,Voice / Audio Tools,https://techcrunch.com/2025/02/25/elevenlabs-is-now-letting-authors-create-and-publish-audiobooks-on-its-own-platform/,"Voice AI company ElevenLabs is now letting authors publish AI-generated audiobooks on its own Reader app, TechCrunch has learned and the company",Paid,100,news,2025-06-26
Anthropic just made every Claude user a no-code app developer,Code / Developer Tools,https://venturebeat.com/ai/anthropic-just-made-every-claude-user-a-no-code-app-developer/,"Anthropic transforms Claude AI into a no-code app development platform with 500 million user-created artifacts, intensifying competition with OpenAI's Canvas feature as AI companies battle for develop...",Freemium,90,news,2025-06-26
"Boston Consulting Group: To unlock enterprise AI value, start with the data you‚Äôve been ignoring",Design / Image Generation,https://venturebeat.com/ai/boston-consulting-group-to-unlock-enterprise-ai-value-start-with-the-data-youve-been-ignoring/,Companies are looking beyond the experimental phase of AI and exploring ways to productize and scale agents and other applications.¬†,Paid,60,news,2025-06-26
"The new AI infrastructure reality: Bring compute to data, not data to compute",Business / Analytics,https://venturebeat.com/data-infrastructure/the-new-ai-infrastructure-reality-bring-compute-to-data-not-data-to-compute/,"PEAK:AIO‚Äôs software-defined storage layer, combined with Solidigm‚Äôs high-performance solid-state drives (SSDs), addresses both ends of this spectrum‚Äîdelivering the capacity, efficiency, and speed requ...",Paid,60,news,2025-06-26
Forget about AI costs: Google just changed the game with open-source Gemini CLI that will be free for most developers,Code / Developer Tools,https://venturebeat.com/ai/google-is-redefining-enterprise-ai-economics-with-open-source-gemini-cli-that-will-be-free-for-the-majority-of-developers/,Google is bringing Gemini Pro 2.5 to the command line with a powerful new open source tool ‚Äî and it's doing it mostly for free.,Freemium,60,news,2025-06-26
ElevenLabs now lets authors create and publish audiobooks on its own platform,Voice / Audio Tools,https://techcrunch.com/2025/02/25/elevenlabs-is-now-letting-authors-create-and-publish-audiobooks-on-its-own-platform/,"Voice AI company ElevenLabs is now letting authors publish AI-generated audiobooks on its own Reader app, TechCrunch has learned and the company",Paid,100,news,2025-06-27
Get paid faster: How Intuit‚Äôs new AI agents help businesses get funds up to 5 days faster and save 12 hours a month with autonomous workflows,Text / Chat Assistants,https://venturebeat.com/ai/get-paid-faster-how-intuits-new-ai-agents-help-businesses-get-paid-up-to-5-days-faster-and-save-up-to-12-hours-a-month-with-autonomous-workflows/,"Looking beyond AI assistants, Intuit has integrated agentic AI deeply into multiple processes to help businesses get things done.",Paid,90,news,2025-06-27
What enterprise leaders can learn from LinkedIn‚Äôs success with AI agents,Text / Chat Assistants,https://venturebeat.com/ai/what-enterprise-leaders-can-learn-from-linkedins-success-with-ai-agents/,"LinkedIn scientists share how they have found success with their LinkedIn hiring assistant, an AI agent that sources and recruits workers.",Paid,60,news,2025-06-27
"Boston Consulting Group: To unlock enterprise AI value, start with the data you‚Äôve been ignoring",Design / Image Generation,https://venturebeat.com/ai/boston-consulting-group-to-unlock-enterprise-ai-value-start-with-the-data-youve-been-ignoring/,Companies are looking beyond the experimental phase of AI and exploring ways to productize and scale agents and other applications.¬†,Paid,60,news,2025-06-27
The hidden scaling cliff that‚Äôs about to break your agent rollouts,Design / Image Generation,https://venturebeat.com/ai/the-hidden-scaling-cliff-thats-about-to-break-your-agent-rollouts/,Enterprise teams hit a scaling wall when managing AI agents across departments. Writer's May Habib explains why traditional software development fails for agents and what Fortune 500 companies are doi...,Paid,50,news,2025-06-27
ElevenLabs now lets authors create and publish audiobooks on its own platform,Voice / Audio Tools,https://techcrunch.com/2025/02/25/elevenlabs-is-now-letting-authors-create-and-publish-audiobooks-on-its-own-platform/,"Voice AI company ElevenLabs is now letting authors publish AI-generated audiobooks on its own Reader app, TechCrunch has learned and the company",Paid,100,news,2025-06-28
Model minimalism: The new AI strategy saving companies millions,Code / Developer Tools,https://venturebeat.com/ai/model-minimalism-the-new-ai-strategy-saving-companies-millions/,"LLMs changed how enterprises build applications, but smaller AI models provide power and reduces total cost of ownership.",Freemium,70,news,2025-06-28
"CFOs want AI that pays: real metrics, not marketing demos",Code / Developer Tools,https://venturebeat.com/ai/cfos-want-ai-that-pays-real-metrics-not-marketing-demos/,CFOs who master new eval frameworks will drive the next wave of AI adoption thruogh disciplined investment for strong competitive advantage.,Paid,70,news,2025-06-28
CTGT wins Best Presentation Style award at VB Transform 2025,Presentations,https://venturebeat.com/ai/ctgt-wins-best-presentation-style-award-at-vb-transform-2025/,"<p>San Francisco-based CTGT, a startup focused on making AI more trustworthy through feature-level model customization, won the Best Presentation Style award at VB Transform 2025 in San Francisco. Fou...",Paid,60,news,2025-06-28
Catio wins ‚Äòcoolest tech‚Äô award at VB Transform 2025,Text / Chat Assistants,https://venturebeat.com/ai/catio-wins-coolest-tech-award-at-vb-transform-2025/,"Catio also announced the upcoming launch of Archie, a conversational, multi-agent AI system.",Paid,60,news,2025-06-28
ElevenLabs now lets authors create and publish audiobooks on its own platform,Voice / Audio Tools,https://techcrunch.com/2025/02/25/elevenlabs-is-now-letting-authors-create-and-publish-audiobooks-on-its-own-platform/,"Voice AI company ElevenLabs is now letting authors publish AI-generated audiobooks on its own Reader app, TechCrunch has learned and the company",Paid,100,news,2025-06-29
AI agents are hitting a liability wall. Mixus has a plan to overcome it using human overseers on high-risk workflows,Productivity / Writing,https://venturebeat.com/ai/ai-agents-are-hitting-a-liability-wall-mixus-has-a-plan-to-overcome-it-using-human-overseers-on-high-risk-workflows/,"Mixus's ""colleague-in-the-loop"" model blends automation with human judgment for safe deployment of AI agents.",Paid,70,news,2025-06-29
Model minimalism: The new AI strategy saving companies millions,Code / Developer Tools,https://venturebeat.com/ai/model-minimalism-the-new-ai-strategy-saving-companies-millions/,"LLMs changed how enterprises build applications, but smaller AI models provide power and reduces total cost of ownership.",Freemium,70,news,2025-06-29
CTGT wins Best Presentation Style award at VB Transform 2025,Presentations,https://venturebeat.com/ai/ctgt-wins-best-presentation-style-award-at-vb-transform-2025/,"<p>San Francisco-based CTGT, a startup focused on making AI more trustworthy through feature-level model customization, won the Best Presentation Style award at VB Transform 2025 in San Francisco. Fou...",Paid,60,news,2025-06-29
Catio wins ‚Äòcoolest tech‚Äô award at VB Transform 2025,Text / Chat Assistants,https://venturebeat.com/ai/catio-wins-coolest-tech-award-at-vb-transform-2025/,"Catio also announced the upcoming launch of Archie, a conversational, multi-agent AI system.",Paid,60,news,2025-06-29
ElevenLabs now lets authors create and publish audiobooks on its own platform,Voice / Audio Tools,https://techcrunch.com/2025/02/25/elevenlabs-is-now-letting-authors-create-and-publish-audiobooks-on-its-own-platform/,"Voice AI company ElevenLabs is now letting authors publish AI-generated audiobooks on its own Reader app, TechCrunch has learned and the company",Paid,100,news,2025-06-30
AI agents are hitting a liability wall. Mixus has a plan to overcome it using human overseers on high-risk workflows,Productivity / Writing,https://venturebeat.com/ai/ai-agents-are-hitting-a-liability-wall-mixus-has-a-plan-to-overcome-it-using-human-overseers-on-high-risk-workflows/,"Mixus's ""colleague-in-the-loop"" model blends automation with human judgment for safe deployment of AI agents.",Paid,70,news,2025-06-30
Model minimalism: The new AI strategy saving companies millions,Code / Developer Tools,https://venturebeat.com/ai/model-minimalism-the-new-ai-strategy-saving-companies-millions/,"LLMs changed how enterprises build applications, but smaller AI models provide power and reduces total cost of ownership.",Freemium,70,news,2025-06-30
CTGT wins Best Presentation Style award at VB Transform 2025,Presentations,https://venturebeat.com/ai/ctgt-wins-best-presentation-style-award-at-vb-transform-2025/,"<p>San Francisco-based CTGT, a startup focused on making AI more trustworthy through feature-level model customization, won the Best Presentation Style award at VB Transform 2025 in San Francisco. Fou...",Paid,60,news,2025-06-30
Catio wins ‚Äòcoolest tech‚Äô award at VB Transform 2025,Text / Chat Assistants,https://venturebeat.com/ai/catio-wins-coolest-tech-award-at-vb-transform-2025/,"Catio also announced the upcoming launch of Archie, a conversational, multi-agent AI system.",Paid,60,news,2025-06-30
From chatbots to collaborators: How AI agents are reshaping enterprise work,Text / Chat Assistants,https://venturebeat.com/ai/from-chatbots-to-collaborators-how-ai-agents-are-reshaping-enterprise-work/,"Anthropic's Scott White explains how AI agents evolved from chatbots to autonomous workers at VentureBeat Transform 2025, cutting enterprise tasks from weeks to minutes.",Paid,110,news,2025-07-01
ElevenLabs now lets authors create and publish audiobooks on its own platform,Voice / Audio Tools,https://techcrunch.com/2025/02/25/elevenlabs-is-now-letting-authors-create-and-publish-audiobooks-on-its-own-platform/,"Voice AI company ElevenLabs is now letting authors publish AI-generated audiobooks on its own Reader app, TechCrunch has learned and the company",Paid,100,news,2025-07-01
AI agents are hitting a liability wall. Mixus has a plan to overcome it using human overseers on high-risk workflows,Productivity / Writing,https://venturebeat.com/ai/ai-agents-are-hitting-a-liability-wall-mixus-has-a-plan-to-overcome-it-using-human-overseers-on-high-risk-workflows/,"Mixus's ""colleague-in-the-loop"" model blends automation with human judgment for safe deployment of AI agents.",Paid,70,news,2025-07-01
CTGT wins Best Presentation Style award at VB Transform 2025,Presentations,https://venturebeat.com/ai/ctgt-wins-best-presentation-style-award-at-vb-transform-2025/,"<p>San Francisco-based CTGT, a startup focused on making AI more trustworthy through feature-level model customization, won the Best Presentation Style award at VB Transform 2025 in San Francisco. Fou...",Paid,60,news,2025-07-01
Catio wins ‚Äòcoolest tech‚Äô award at VB Transform 2025,Text / Chat Assistants,https://venturebeat.com/ai/catio-wins-coolest-tech-award-at-vb-transform-2025/,"Catio also announced the upcoming launch of Archie, a conversational, multi-agent AI system.",Paid,60,news,2025-07-01
